sample_id,dice,iou,precision,recall,specificity,accuracy,f2,mae,boundary_f1,foreground_fraction,occupancy_mae_stage2,occupancy_mae_stage1,solver_active_fraction_stage2
cju7ae7bq1f820987toc8si1d,0.9350175857543945,0.8779652714729309,0.9167518019676208,0.9540260434150696,0.9966949224472046,0.9951269626617432,0.9463306665420532,0.005019616335630417,0.7896052598953247,0.036748047918081284,1.3570085333203252e-10,2.325047238072031e-10,0.0036328125279396772
cju2s2527pfyr0993l3h1149a,0.929934024810791,0.8690436482429504,0.945955753326416,0.9144459962844849,0.9985032081604004,0.9961621165275574,0.9205788969993591,0.003942109178751707,0.7681513428688049,0.027851562947034836,8.141681079321117e-11,1.4786852298165343e-10,0.0016796875279396772
cju34c1xfyz920993itxkkfad,0.8142222166061401,0.686656653881073,0.8492315411567688,0.7819851040840149,0.9518831372261047,0.908154308795929,0.7945687174797058,0.09206844121217728,0.312134712934494,0.2573828101158142,7.259394751990556e-10,9.921605759188878e-10,0.020859375596046448
cju353d1eda8c07992afde611,0.9256253242492676,0.8615480065345764,0.9637689590454102,0.8903860449790955,0.996636152267456,0.9869335889816284,0.9041548371315002,0.013039921410381794,0.6587201952934265,0.09131836146116257,2.822190536821978e-10,4.468698744375388e-10,0.0062500000931322575
cju2oi8sq0i2y0801mektzvw8,0.9218292832374573,0.8549938201904297,0.9731249213218689,0.8756707310676575,0.9215304255485535,0.886474609375,0.8935680985450745,0.11342693120241165,0.49937984347343445,0.7644140720367432,1.1278540323900188e-09,1.594026355355993e-09,0.03128906339406967
cju34uhepd3dd0799hs8782ad,0.9167767763137817,0.8463414907455444,0.8810300827026367,0.9555467963218689,0.9967153072357178,0.9956933856010437,0.9396518468856812,0.004655692260712385,0.7220439910888672,0.024824218824505806,1.6848027140081712e-10,2.4006915899654757e-10,0.006523437332361937
cju87nkyrnb970801q84m47yt,0.9261633157730103,0.8624805808067322,0.9058200120925903,0.9474413394927979,0.990066647529602,0.9861621260643005,0.9388138651847839,0.013926783576607704,0.6453559994697571,0.09160156548023224,3.1251759513573063e-10,4.052132518417295e-10,0.0052734375931322575
cju6xlygpw7bs0818n691jsq4,0.9537781476974487,0.9116404056549072,0.940518319606781,0.9674171805381775,0.9723309278488159,0.9708007574081421,0.9619150161743164,0.02941352315247059,0.6051633954048157,0.3114062547683716,8.657255468058622e-10,1.3082275263087695e-09,0.029960937798023224
cju42dwedlmk60871jbgu4ehi,0.9817821383476257,0.9642162322998047,0.9771776795387268,0.9864302277565002,0.9955487847328186,0.9940722584724426,0.9845657348632812,0.0060262056067585945,0.97553551197052,0.1619238257408142,2.758160366767015e-10,3.21112914036803e-10,0.004804687574505806
cju8c9akjsdjj0850s67uzlxq,0.9808800220489502,0.962477445602417,0.9737908244132996,0.9880731701850891,0.9963329434394836,0.9953320026397705,0.9851832985877991,0.004701712168753147,0.9751108884811401,0.12118163704872131,2.448659608411674e-10,2.4840379753143793e-10,0.003828125074505806
cju8c2rqzs5t80850d0zky5dy,0.7796173691749573,0.6388302445411682,0.8614315986633301,0.7119957208633423,0.9482288956642151,0.8746874928474426,0.7375861406326294,0.12514358758926392,0.43995046615600586,0.3113085925579071,1.3623534522722025e-09,1.969318041972201e-09,0.04847656190395355
cju1ffnjn6ctm08015perkg37,0.9146308898925781,0.8426910638809204,0.9587306380271912,0.8744096755981445,0.9900633096694946,0.9659082293510437,0.8900660872459412,0.03608977794647217,0.525554895401001,0.20885741710662842,1.4151813054752438e-09,2.138862642553363e-09,0.040546875447034836
cju88z8bson4h0871nnd7fdxo,0.9785357117652893,0.9579734802246094,0.9818633198738098,0.9752305150032043,0.9981949925422668,0.9961035251617432,0.9765499234199524,0.003980270586907864,0.9881662130355835,0.09107422083616257,1.7909536353943878e-10,2.4107338347789664e-10,0.003554687602445483
cjyzk8qieoboa0848ogj51wwm,0.8971390724182129,0.8134652376174927,0.9865399599075317,0.822594940662384,0.9899126887321472,0.9107128977775574,0.8508749604225159,0.08646013587713242,0.6038253307342529,0.47334960103034973,9.6651187053709e-10,1.1568249691507049e-09,0.04917968809604645
cju88k75inzyb0850ccv5x3vk,0.8187882900238037,0.6931766271591187,0.7413877844810486,0.914233922958374,0.8978921175003052,0.90185546875,0.8735044002532959,0.09863130748271942,0.3594890534877777,0.24252930283546448,1.3112742003329458e-09,1.686679906853783e-09,0.046367187052965164
cju1dg44i4z3w0801nyz4p6zf,0.8372827768325806,0.720108687877655,0.817060649394989,0.8585312962532043,0.9982458353042603,0.9969823956489563,0.8499037623405457,0.003034285269677639,0.8202245235443115,0.009042968973517418,9.651270754806873e-11,6.542349995086738e-11,0.002851562574505806
cju2zpw4q9vzr0801p0lysjdl,0.9594573974609375,0.9220740795135498,0.9646621346473694,0.9543085098266602,0.9988501071929932,0.9974316358566284,0.9563614130020142,0.0025821346789598465,0.9787070751190186,0.03184570372104645,9.739629242000447e-11,1.3381348806795756e-10,0.001914062537252903
cju7fbndk2sl608015ravktum,0.9482957720756531,0.901675283908844,0.99122554063797,0.9089301228523254,0.9990009665489197,0.9890527129173279,0.9242775440216064,0.010988123714923859,0.6954591870307922,0.11044921725988388,3.1793523369572085e-10,3.997099873309651e-10,0.007148437667638063
cju2tpfa5uyx408359datxqqj,0.8814592957496643,0.7880439758300781,0.9731863141059875,0.8055341839790344,0.9974889159202576,0.977978527545929,0.8342786431312561,0.0223135594278574,0.436786025762558,0.10164062678813934,6.969274046753071e-10,1.0327230182127778e-09,0.015312500298023224
cju77re6fz5bb0817vp9redjg,0.6549080610275269,0.48688724637031555,0.4876076877117157,0.9969745874404907,0.8959042429924011,0.9050390720367432,0.8246787190437317,0.0948498472571373,0.28509262204170227,0.09038086235523224,1.0755440982279652e-09,1.4635713752042534e-09,0.03519531339406967
cju1871y11d6r0799k6cw4yze,0.9801113605499268,0.9609984159469604,0.9753008484840393,0.9849696159362793,0.9955050945281982,0.993896484375,0.983020544052124,0.006157255731523037,0.8878270983695984,0.15268555283546448,2.190013725922313e-10,2.214304850589599e-10,0.0044531249441206455
cju1cqc7n4gpy0855jt246k68,0.9485140442848206,0.9020700454711914,0.9355904459953308,0.961799681186676,0.997633159160614,0.9963964819908142,0.9564409852027893,0.003636541310697794,0.8531097173690796,0.03451171889901161,7.227187598379814e-11,8.249474020560754e-11,0.0015625000232830644
cju7cq6su27qv075574dir0r3,0.8517780900001526,0.7418235540390015,0.9847118854522705,0.7504668235778809,0.9982473850250244,0.9658496379852295,0.7879548072814941,0.033914703875780106,0.5091504454612732,0.13075195252895355,6.642217886820845e-10,1.2589436160226342e-09,0.017304686829447746
cju2r6mt2om21099352pny5gw,0.9713358879089355,0.9442692399024963,0.9548537135124207,0.9883970618247986,0.9795227646827698,0.982226550579071,0.9815011620521545,0.018602564930915833,0.7111828923225403,0.30467772483825684,6.137186314703058e-10,6.767117977091175e-10,0.0224609375
cju5wkonqlrl409877y8zvnub,0.9087013602256775,0.8326789140701294,0.8455442786216736,0.9820550084114075,0.9635947346687317,0.9667089581489563,0.9513368606567383,0.033289723098278046,0.7535648345947266,0.168701171875,3.7618796966398804e-10,4.164034117515314e-10,0.006679687649011612
cju34ouumcznz07996gg1xq7v,0.9291264414787292,0.8676341772079468,0.8755221366882324,0.9897227883338928,0.9699878096580505,0.9734570384025574,0.9645599126815796,0.0265649501234293,0.5866907238960266,0.17579101026058197,4.828153987723738e-10,6.570551880358266e-10,0.008710937574505806
cju88t4fvokxf07558ymyh281,0.9629560708999634,0.9285586476325989,0.9688025116920471,0.9571797847747803,0.998278021812439,0.9961035251617432,0.959481954574585,0.003949333913624287,0.8874669671058655,0.052910156548023224,1.2007907168598564e-10,1.4001298731525225e-10,0.0024999999441206455
cju8apjewqrk00801k5d71gky,0.9759535193443298,0.9530363082885742,0.9761491417884827,0.9757579565048218,0.9959165453910828,0.992968738079071,0.9758361577987671,0.007005244493484497,0.8924169540405273,0.14623047411441803,1.3407647214691565e-10,1.6813124503745058e-10,0.0026171875651925802
cju6vta3kvazg0817qbeppjtm,0.9787251949310303,0.9583367109298706,0.9810715317726135,0.9763900637626648,0.9942017793655396,0.9900097846984863,0.9773227572441101,0.010009219869971275,0.8381416201591492,0.2353515625,3.3920333208925513e-10,3.8366848587045865e-10,0.0053906249813735485
cju6wuojavt740818b5qcv3iw,0.973437488079071,0.9482495784759521,0.9785863161087036,0.9683424830436707,0.9921783208847046,0.9857519268989563,0.9703741073608398,0.014795329421758652,0.7942839860916138,0.26960936188697815,5.090282639841348e-10,8.002545848206921e-10,0.014218750409781933
cju85qefyln6v0850szeb9byi,0.94312584400177,0.8923728466033936,0.9902108907699585,0.9003153443336487,0.9944511651992798,0.958300769329071,0.9169645309448242,0.04177471622824669,0.7192868590354919,0.38402342796325684,5.325896390573348e-10,6.699056864789554e-10,0.011250000447034836
cju2zxja9w1eh09933609ho9z,0.9578947424888611,0.9191918969154358,0.9283458590507507,0.9893864989280701,0.9970061779022217,0.9967187643051147,0.9765445590019226,0.003294013673439622,0.9087654948234558,0.037724610418081284,8.524365241457943e-11,6.318184864184673e-11,0.0013281250139698386
cju5thdbrjp1108715xdfx356,0.940793514251709,0.8882059454917908,0.9318823218345642,0.9498767256736755,0.9983094334602356,0.9971582293510437,0.9462224841117859,0.0028674262575805187,0.8593720197677612,0.023769531399011612,5.7182068108341255e-11,6.831785831495907e-11,0.0006640625069849193
cju1dfeupuzlw0835gnxip369,0.9706301093101501,0.9429362416267395,0.9620814919471741,0.9793320298194885,0.99703449010849,0.9957714676856995,0.9758326411247253,0.004293058533221483,0.8926668763160706,0.07134765386581421,1.984832020962557e-10,2.1454681087273997e-10,0.00390625
cju35fxqyzt5p0993vusm54qz,0.9566506743431091,0.9169034957885742,0.9267003536224365,0.988601565361023,0.9851769208908081,0.9857226610183716,0.9755684733390808,0.01478623878210783,0.8218315243721008,0.15935546159744263,4.1705169873118564e-10,6.058757939797488e-10,0.010312500409781933
cju2hdr06v2bq0799mbm3bks1,0.7560113072395325,0.6077316403388977,0.9685477614402771,0.6199668645858765,0.9937899112701416,0.9056640863418579,0.6680534482002258,0.09403122961521149,0.5008267164230347,0.23574218153953552,6.063244351039998e-10,9.334851780451459e-10,0.017265625298023224
cju5i5oh2efg60987ez6cpf72,0.9781822562217712,0.9572961926460266,0.9644643664360046,0.9922959208488464,0.984768807888031,0.9869824051856995,0.9866018891334534,0.013484866358339787,0.8310796022415161,0.29408204555511475,5.222740018240302e-10,6.455669887550641e-10,0.013749999925494194
cju42romflni20817etb9a0fl,0.9573948383331299,0.9182717204093933,0.9889001250267029,0.9278350472450256,0.998934268951416,0.9923340082168579,0.939437210559845,0.007999005727469921,0.7564926147460938,0.09283202886581421,3.991512953493981e-10,6.751855741171653e-10,0.010195312090218067
cju7dlk532dsh0871zvr6qz0r,0.9241293668746948,0.8589596152305603,0.9932224154472351,0.8640239834785461,0.9986571669578552,0.973681628704071,0.8871029019355774,0.026379626244306564,0.6327659487724304,0.18550781905651093,3.3532765453259117e-10,2.972141976975706e-10,0.004648437723517418
cju1819curo000988pd5xcqme,0.9612972140312195,0.9254786372184753,0.9826177954673767,0.9408822059631348,0.9979979395866394,0.9918652176856995,0.9489432573318481,0.008170397020876408,0.8086566925048828,0.10737304389476776,2.087721245880303e-10,2.892104333795942e-10,0.0032421874348074198
cju84ffdzkrjn08183jh1fxmb,0.9278259873390198,0.8653688430786133,0.9187002182006836,0.937134861946106,0.9930918216705322,0.9887890815734863,0.9333890080451965,0.011151671409606934,0.5996434092521667,0.07689452916383743,3.1561994684459194e-10,3.6643524325974397e-10,0.006171875167638063
cju2y8s56ymqr083541ggdsml,0.9513286352157593,0.9071751832962036,0.9764328598976135,0.9274829030036926,0.9977068305015564,0.9911816120147705,0.9368762969970703,0.008893324993550777,0.7371730208396912,0.09291992336511612,2.2469237581645984e-10,2.7681662517764494e-10,0.002968749962747097
cju5ymyd8mmdc0801ry3by1xr,0.8293063044548035,0.7083888053894043,0.7645509243011475,0.9060459733009338,0.9900583624839783,0.9871679544448853,0.8737066984176636,0.01285206526517868,0.6242280602455139,0.034404296427965164,3.0699795483535297e-10,3.827113903565049e-10,0.004843750037252903
cju33belnbyhm0878yxl42233,0.9434419870376587,0.8929391503334045,0.9793798327445984,0.910048246383667,0.9986291527748108,0.9927148222923279,0.923117995262146,0.00737433135509491,0.8384280800819397,0.06676758080720901,2.94197222139303e-10,3.570221063231571e-10,0.0054296874441206455
cju887ftknop008177nnjt46y,0.9489712119102478,0.9028974175453186,0.9656616449356079,0.9328479170799255,0.9987537264823914,0.9963672161102295,0.9392310380935669,0.003679736750200391,0.9105225205421448,0.03621093928813934,9.070091899765487e-11,3.678066184953366e-11,0.0017187499906867743
cju34i3qvcyog0855qiejxx5w,0.8497548699378967,0.7387598156929016,0.9764934778213501,0.7521355748176575,0.9927140474319458,0.9236816167831421,0.7883622050285339,0.07528741657733917,0.6624082922935486,0.28694334626197815,7.659033962603701e-10,9.395126898681383e-10,0.03031250089406967
cju1f5x1164xv08555654c24r,0.9056166410446167,0.8275131583213806,0.976931631565094,0.8440051078796387,0.9972304701805115,0.9785351753234863,0.8676155805587769,0.021665068343281746,0.6437389850616455,0.12201172113418579,5.878864062225375e-10,8.580924859558081e-10,0.01656249910593033
cju35k2fr3vc50988c85qkrwg,0.9080085158348083,0.8315160870552063,0.8633423447608948,0.9575485587120056,0.9894055128097534,0.9873242378234863,0.9370977282524109,0.013474352657794952,0.6031195521354675,0.06533203274011612,3.83696768802011e-10,5.666389579772613e-10,0.014960937201976776
cju1euuc65wm00799m4sjdnnn,0.9589737057685852,0.9211810827255249,0.9409272074699402,0.9777259826660156,0.9975948333740234,0.9968457221984863,0.9701377749443054,0.003186023561283946,0.9545431137084961,0.03770507872104645,1.2745583755080503e-10,1.4453221952592799e-10,0.001992187462747097
cjz14qsk2wci60794un9ozwmw,0.969161868095398,0.9401687979698181,0.9441525340080261,0.9955320954322815,0.9927748441696167,0.9930761456489563,0.9848136901855469,0.007117837201803923,0.8364390134811401,0.10928711295127869,2.9528648970433835e-10,3.7931291441140047e-10,0.006718750111758709
cju32srle1xfq083575i3fl75,0.9590862989425659,0.9213888645172119,0.9719359278678894,0.946571946144104,0.9981547594070435,0.9948925971984863,0.9515382647514343,0.005126487463712692,0.8313601613044739,0.06324218958616257,1.708659880250707e-10,2.0956050783560443e-10,0.002578125102445483
cju7ey10f2rvf0871bwbi9x82,0.902864933013916,0.8229295611381531,0.8330311179161072,0.9854785203933716,0.9875752329826355,0.9874511957168579,0.9506829380989075,0.01306908018887043,0.6355990767478943,0.05917968600988388,4.636112882483445e-10,6.659945372966547e-10,0.014101562090218067
cju2srvy5440s0801y1ba9akr,0.9418023228645325,0.8900060653686523,0.9382637143135071,0.9453678131103516,0.9710913896560669,0.9629296660423279,0.9439383745193481,0.03652187064290047,0.6407234072685242,0.3172851502895355,7.467889640011549e-10,8.222359459963968e-10,0.025390625
cju2nguelpmlj0835rojdn097,0.967921793460846,0.9378376603126526,0.9460583329200745,0.9908197522163391,0.9887596964836121,0.9891015887260437,0.9815317988395691,0.010982039384543896,0.7121023535728455,0.16594725847244263,3.356960542877374e-10,3.995610509122116e-10,0.0062890625558793545
cju8clorgsuwn08714toqb7v6,0.9523661136627197,0.9090638756752014,0.9458768963813782,0.9589449763298035,0.992203950881958,0.9880664348602295,0.9563025236129761,0.012082960456609726,0.6800514459609985,0.12440429627895355,3.9204528512470915e-10,4.028107569720163e-10,0.0073046875186264515
cju33231uy4gi0993qc7b1jch,0.6509848237037659,0.48256298899650574,0.48830729722976685,0.9762025475502014,0.937175452709198,0.9394335746765137,0.8136165142059326,0.06067396700382233,0.48767518997192383,0.057861328125,1.01071717661938e-09,1.4783632096282417e-09,0.03886718675494194
cjyztzaqtrv430848l8xgcerw,0.9531574845314026,0.910507082939148,0.9170002341270447,0.9922831654548645,0.9780839085578918,0.9808691143989563,0.9762536883354187,0.01925795152783394,0.5877803564071655,0.19615234434604645,4.553243337923618e-10,3.769950462917393e-10,0.0072656250558793545
cju7bduyq1rjf08719giru9ho,0.9666059613227844,0.935370147228241,0.9613526463508606,0.9719169735908508,0.994673490524292,0.991943359375,0.9697855710983276,0.008510701358318329,0.7910325527191162,0.11997070163488388,3.4063418752339203e-10,6.122687912224478e-10,0.011406250298023224
cju2nsmwjlzyl0993jl80chvz,0.9644230008125305,0.9312904477119446,0.9350277185440063,0.995726466178894,0.9965122938156128,0.9964746236801147,0.9829643368721008,0.003570280270650983,0.9686946868896484,0.04798828065395355,1.2617769329370532e-10,1.619452349999051e-10,0.0023437500931322575
cju84dsvaklpx098750hp83x4,0.5208423733711243,0.35212093591690063,0.9916008710861206,0.3531742990016937,0.9981513619422913,0.7518066167831421,0.40537288784980774,0.24610736966133118,0.3200075626373291,0.38194334506988525,1.0197039879145109e-09,1.7219596859519015e-09,0.057148437947034836
cju7etr3y2p4t0801cdzjj8ab,0.8279610276222229,0.7064279317855835,0.7444358468055725,0.9325978755950928,0.9719493389129639,0.9687793254852295,0.8877221345901489,0.0319766029715538,0.4223826825618744,0.08055663853883743,8.694638342632288e-10,1.2248304592787917e-09,0.035624999552965164
cju0s690hkp960855tjuaqvv0,0.9630723595619202,0.9287749528884888,0.9712892770767212,0.9549933671951294,0.9989254474639893,0.997314453125,0.9582086205482483,0.002723673591390252,0.9328557848930359,0.03666992112994194,1.4701936890126888e-10,2.0701347580587282e-10,0.0026562500279396772
cju892fesoq2g0801n0e0jyia,0.9296456575393677,0.8685400485992432,0.9622045159339905,0.8992180824279785,0.9903360605239868,0.9707617163658142,0.9111469388008118,0.029176199808716774,0.6888760924339294,0.21482421457767487,5.892968890641725e-10,8.459462019771991e-10,0.022929687052965164
cju84hibuktj80871u519o71q,0.9769002795219421,0.9548436403274536,0.9807270169258118,0.9731032252311707,0.9987183213233948,0.9971093535423279,0.9746184945106506,0.002923433668911457,0.9944826364517212,0.06281249970197678,1.208694810905797e-10,1.2980855279565162e-10,0.001992187462747097
cju2z6ez69g4u0801qwt088lw,0.8537712693214417,0.7448524832725525,0.9795269966125488,0.7566317915916443,0.9930176138877869,0.9206152558326721,0.7927085757255554,0.07908040285110474,0.49956515431404114,0.30628907680511475,1.5828937049988667e-09,2.2104162944458494e-09,0.05558593571186066
cju5x7iskmad90818frchyfwd,0.7511751055717468,0.6015055775642395,0.6036951541900635,0.9940062165260315,0.8637785315513611,0.8862695097923279,0.8801910877227783,0.11308885365724564,0.2912966310977936,0.17270508408546448,2.016698585904919e-09,3.2642883951439217e-09,0.1028124988079071
cju41z76wlgbz0801qdetlvby,0.9278733134269714,0.8654512166976929,0.9656224846839905,0.8929646611213684,0.9963167905807495,0.9855859279632568,0.9066081047058105,0.014364386908710003,0.6938371062278748,0.10382812470197678,2.748784810879812e-10,2.9319605077127164e-10,0.004609374795109034
cju2t16vuucaq0835xcpsivn2,0.9697058796882629,0.9411932826042175,0.969991147518158,0.9694207310676575,0.9978660345077515,0.9959765672683716,0.9695348143577576,0.00400707358494401,0.9425955414772034,0.06642577797174454,8.824262154316642e-11,6.526507112525337e-11,0.0022265624720603228
cju3xwpgviwlx0871rwm15q7v,0.64681476354599,0.47799426317214966,0.4837953448295593,0.975528359413147,0.9213721752166748,0.9251757860183716,0.8107233643531799,0.0762052983045578,0.277312695980072,0.07023437321186066,1.0672013273094194e-09,2.1940940175824153e-09,0.05210937559604645
cjyzufihqquiw0a46jatrbwln,0.9445369839668274,0.8949029445648193,0.9455519914627075,0.9435241222381592,0.9643561840057373,0.956103503704071,0.9439290165901184,0.04497640207409859,0.5081337094306946,0.3961523473262787,1.1903118490863562e-09,1.7830510401495303e-09,0.044062498956918716
cju7bmi1v1pnj0987pa52jjok,0.901382327079773,0.8204694986343384,0.8305944204330444,0.9853602051734924,0.9687027335166931,0.970947265625,0.9499588012695312,0.029407048597931862,0.6558156609535217,0.13474608957767487,5.207603237522562e-10,5.982782047553314e-10,0.01171875
cju772304yw5t0818vbw8kkjf,0.9467772841453552,0.8989335298538208,0.9857862591743469,0.9107380509376526,0.9991803765296936,0.9939844012260437,0.9248194098472595,0.00604773685336113,0.7523475885391235,0.05874999985098839,1.5717008250426545e-10,1.6895952692497218e-10,0.0023828125558793545
cju7d7aut2a2p0818z4uxc6cd,0.9531205296516418,0.9104395508766174,0.9522988796234131,0.9539436101913452,0.999175488948822,0.9984081983566284,0.9536141753196716,0.0016340123256668448,0.9902648329734802,0.016962891444563866,9.02694308191343e-11,8.44064262928157e-11,0.0015625000232830644
cju2rlqdnoz9k0993cpjae3x0,0.9026505947113037,0.8225735425949097,0.9832751750946045,0.8342458009719849,0.9969940781593323,0.9685449004173279,0.8603246808052063,0.031352829188108444,0.5722439289093018,0.1748046875,5.01809815922627e-10,7.271580559908841e-10,0.011796874925494194
cju5uxjnol2r509871qv2yeia,0.9059264659881592,0.8280307054519653,0.8587682843208313,0.9585648775100708,0.9896671175956726,0.9877539277076721,0.9367921352386475,0.012585541233420372,0.7027027606964111,0.06151367351412773,4.4271325494449343e-10,6.780588313048952e-10,0.011992187239229679
cju160wshltz10993i1gmqxbe,0.8026315569877625,0.6703296899795532,0.8430894017219543,0.7658788561820984,0.9961280822753906,0.990039050579071,0.7801685333251953,0.01043272577226162,0.3300592303276062,0.026445312425494194,2.6557459009701745e-10,4.542934084472705e-10,0.0126953125
cju5yimthmlv80850zhoc90c2,0.9650137424468994,0.9323928356170654,0.9752779006958008,0.9549633860588074,0.9986710548400879,0.9963964819908142,0.9589583277702332,0.00358927552588284,0.8965175151824951,0.05204101651906967,1.3115915298289593e-10,1.3513652696861556e-10,0.002304687397554517
cju5clr68b48r0755cmuvponm,0.972932755947113,0.947292149066925,0.9749971032142639,0.9708771109580994,0.9976720213890076,0.9953808784484863,0.9716983437538147,0.004767878912389278,0.9240158796310425,0.08550781011581421,2.1895049662212784e-10,3.371881385216824e-10,0.004218750167638063
cju2txjfzv60w098839dcimys,0.9687721133232117,0.939435601234436,0.9531367421150208,0.984929084777832,0.9953200221061707,0.9944043159484863,0.9784020781517029,0.005638099741190672,0.8825650215148926,0.08812499791383743,2.6861424196056305e-10,2.4280008559252053e-10,0.004570312332361937
cju2sxf3iqbpv09937iksn8ep,0.9625337719917297,0.9277735352516174,0.9719933867454529,0.9532564282417297,0.9941623210906982,0.9869921803474426,0.9569458365440369,0.013353459537029266,0.7854992747306824,0.17528320848941803,4.2085038232109184e-10,4.1534348182992176e-10,0.008437500335276127
cju1ewnoh5z030855vpex9uzt,0.5895745754241943,0.4180118441581726,0.5143244862556458,0.6906177997589111,0.9260894060134888,0.9021191596984863,0.6463110446929932,0.09879600256681442,0.3217298090457916,0.10179687291383743,1.372521429843232e-09,1.701696117351048e-09,0.036249998956918716
cju16d65tzw9d0799ouslsw25,0.9658397436141968,0.9339362978935242,0.9430216550827026,0.9897895455360413,0.9970594644546509,0.9967187643051147,0.9800685048103333,0.0033643264323472977,0.9432176351547241,0.04686523601412773,1.2063586241062296e-10,1.913054992197516e-10,0.003046874888241291
cju16jgnyzp970878melv7r25,0.9246681332588196,0.8598909378051758,0.9228518605232239,0.9264915585517883,0.9897992014884949,0.9824316501617432,0.925761342048645,0.017606932669878006,0.6148661971092224,0.11637695133686066,2.5857466168233145e-10,2.502271168047798e-10,0.0042968750931322575
cju3y21quj0ir0818kgjagr15,0.9547452330589294,0.9134091734886169,0.9795302152633667,0.9311835765838623,0.993092954158783,0.9768750071525574,0.9404672980308533,0.023532910272479057,0.6785456538200378,0.261962890625,8.336600298974872e-10,9.525936706111793e-10,0.020351562649011612
cju5xjn5mm78b09871spyqhhr,0.8634017109870911,0.759636640548706,0.977961003780365,0.7728673219680786,0.9965621829032898,0.9596874713897705,0.8067029714584351,0.04066696763038635,0.6461794972419739,0.16484375298023224,6.568546817575793e-10,9.227036357195573e-10,0.015312500298023224
cju1egh885m1l0855ci1lt37c,0.9249951839447021,0.8604568243026733,0.9050300121307373,0.9458611011505127,0.9974662065505981,0.9961816668510437,0.9374027848243713,0.0038227438926696777,0.8151687979698181,0.024892577901482582,1.0012114054491761e-10,1.6199215580048332e-10,0.0021093750838190317
cju5ktjwofed70817eg58ef7u,0.6213530898094177,0.45069777965545654,0.4526020884513855,0.9907509088516235,0.8569632768630981,0.8712304830551147,0.8004113435745239,0.12952440977096558,0.37954801321029663,0.10664062201976776,1.1861240878374701e-09,1.851655606621705e-09,0.048945311456918716
cju8axq24r4an0755yhv9d4ly,0.9702364206314087,0.9421933889389038,0.9740296006202698,0.9664726853370667,0.9990586042404175,0.9979101419448853,0.9679746627807617,0.002132111694663763,1.0,0.03524414077401161,1.1817218037446509e-10,9.256170829807786e-11,0.0024999999441206455
cju7dwe282dc309876rco45ts,0.9140891432762146,0.8417717814445496,0.9880431294441223,0.8504349589347839,0.9951829314231873,0.9490332007408142,0.87480229139328,0.051220912486314774,0.5317477583885193,0.31882813572883606,1.4085173027922337e-09,2.127788389927332e-09,0.05121093615889549
cju7ajnbo1gvm098749rdouk0,0.9815846681594849,0.9638353586196899,0.9909462332725525,0.9723983407020569,0.9973993897438049,0.9917382597923279,0.9760521650314331,0.008830162696540356,0.7822601199150085,0.22643554210662842,5.367840061332174e-10,7.245383737419786e-10,0.010820312425494194
cju1fj6axwfp30835ukhuzhw9,0.9110907912254333,0.836700439453125,0.8526415228843689,0.9781433939933777,0.9454526901245117,0.9534277319908142,0.9501718878746033,0.047152865678071976,0.4124307930469513,0.2439550757408142,1.2901563151146433e-09,2.1256871818309264e-09,0.05656249821186066
cju7dsrtb2f8i085064kwugfk,0.9649615287780762,0.9322952628135681,0.9858519434928894,0.944938063621521,0.998763918876648,0.9942675828933716,0.952846884727478,0.005812031216919422,0.8288825154304504,0.08353515714406967,1.705628693837724e-10,2.1816895512394296e-10,0.004140624776482582
cju2i8br1vqtd08784u6vmcjk,0.980497419834137,0.961741030216217,0.9846178293228149,0.9764114022254944,0.9965075850486755,0.9927636981010437,0.9780417084693909,0.007353653199970722,0.9189808368682861,0.18629883229732513,2.906853924233843e-10,2.75889366907478e-10,0.0053125000558793545
cju2t62nq45jl0799odpufwx6,0.9540038704872131,0.9120529890060425,0.9400882124900818,0.9683377146720886,0.984585165977478,0.9813379049301147,0.9625528454780579,0.019025659188628197,0.741744339466095,0.1998632848262787,6.920369277629845e-10,1.0322345200819427e-09,0.021367186680436134
cju2uzabhs6er0993x3aaf87p,0.5207705497741699,0.35205531120300293,0.9516128897666931,0.35847237706184387,0.9979463219642639,0.9331933856010437,0.409523606300354,0.06677711755037308,0.49892929196357727,0.10125976800918579,1.9157800346114584e-10,2.5911986445414925e-10,0.004609374795109034
cju2z1nxlzaj40835wj81s1iy,0.9738240838050842,0.9489835500717163,0.9673661589622498,0.9803687334060669,0.9906245470046997,0.9883593916893005,0.9777403473854065,0.011749675497412682,0.8113048672676086,0.22086913883686066,5.17178633252513e-10,6.835834120977324e-10,0.009296875447034836
cju7dxffn2eam0817qxosfwch,0.9130780100822449,0.840058445930481,0.9617313742637634,0.8691102266311646,0.9926890134811401,0.9711230397224426,0.8861792087554932,0.029071617871522903,0.5516305565834045,0.17451171576976776,7.491975928530792e-10,1.0296422603417454e-09,0.017070312052965164
cju15ptjtppz40988odsm9azx,0.7139325141906738,0.5551283359527588,0.6928792595863342,0.736305296421051,0.9794021844863892,0.9649707078933716,0.7271900177001953,0.03579436615109444,0.3732513189315796,0.05936523526906967,8.040864085678834e-10,1.372337576910354e-09,0.022968750447034836
cju1gghyjwxt80835vx0wgxw0,0.9486711025238037,0.9023543000221252,0.9191054701805115,0.9802021980285645,0.9771168828010559,0.9777636528015137,0.9673415422439575,0.022877277806401253,0.5909501314163208,0.20963867008686066,6.738087865443276e-10,1.3884609018077754e-09,0.020664062350988388
cju6yywx1whbb0871ksgfgf9f,0.8779657483100891,0.7824767827987671,0.8085439801216125,0.9604282975196838,0.9791702032089233,0.9775976538658142,0.9256517291069031,0.022592371329665184,0.5944032669067383,0.08390624821186066,4.371950856896234e-10,8.141239349335194e-10,0.011953124776482582
