epoch,learning_rate,train_loss,val_loss,val_dice,val_iou,val_mae,val_boundary_f1
1,5e-05,3.1867111897468567,2.8566496849060057,0.3914057895541191,0.2561453854478895,0.337837595641613,0.0723097782209515
2,0.00014,2.7125890707969664,2.314124040603638,0.5957750889472664,0.4491964976442977,0.1678953107073903,0.1393365960428491
3,0.0002299999999999,2.2943438827991485,2.1037682819366457,0.6660123638808727,0.5252658484876156,0.1071017029508948,0.2324662758503109
4,0.0003199999999999,2.096984956264496,2.0631929302215575,0.665653864890337,0.5379726932570338,0.1023184093646705,0.3132599423639476
5,0.00041,1.9543516325950625,1.945160083770752,0.7029889410734177,0.579702702909708,0.0935582708194851,0.3634277332574129
6,0.0005,1.8329178738594056,1.8482730197906496,0.7294608634710312,0.613940362855792,0.0881402925099246,0.4227717354148626
7,0.0004999794882752,1.7653544342517853,1.7876913738250733,0.75269147336483,0.638385076969862,0.0818483324977569,0.4563175141066313
8,0.0004999179564735,1.697271158695221,1.7169119930267334,0.7804044724814594,0.6709028547070921,0.0750508252438157,0.4492669336684048
9,0.0004998154147121,1.6697574734687806,1.7033724784851074,0.7848678743839264,0.6780705215036869,0.0719292651372961,0.4665545389428734
10,0.0004996718798512,1.657900253534317,1.6729601860046386,0.7964113274216652,0.6970077604055405,0.0687742284545674,0.5073364526592195
11,0.0004994873754912,1.623981122970581,1.6778237104415894,0.7906694075465203,0.6961624826490879,0.0691956956149078,0.5177954622078687
12,0.0004992619319687,1.6053724205493929,1.654176020622253,0.8021065639331937,0.7044207535870374,0.0673585626529529,0.5002054790593684
13,0.0004989955863518,1.6016840600967408,1.617960901260376,0.8175326520204544,0.7268782147765159,0.0633170667872764,0.542529760748148
14,0.0004986883824337,1.5740827095508576,1.5978232765197753,0.8256631026737159,0.7346707266578596,0.0600430451729334,0.5361420387215913
15,0.0004983403707257,1.5787601697444915,1.57845974445343,0.8319145208597183,0.7412292575091124,0.0589763465989381,0.5399229990690947
16,0.0004979516084488,1.5446108984947204,1.5627102422714234,0.838927820622921,0.7516957314684987,0.0567102465685457,0.5396782960928976
17,0.0004975221595244,1.53405157327652,1.561581768989563,0.8393544502556324,0.7552416083961725,0.0562130990554578,0.5660593042522669
18,0.0004970520945636,1.5321115589141845,1.5721040201187133,0.8350198415666819,0.7494376553222537,0.0569561667926609,0.5544764269888401
19,0.0004965414908556,1.5261261808872222,1.5824802970886231,0.8282834158092737,0.7442231158912181,0.0580824356363154,0.5636911391466856
20,0.0004959904323553,1.5133481919765472,1.557875280380249,0.8386227606236935,0.7600500640273095,0.056734845766332,0.5614917182177305
21,0.0004953990096692,1.497253156900406,1.5418039226531983,0.8458842004090548,0.7662443562969565,0.0552740190643817,0.5731840878725052
22,0.0004947673200406,1.4927554154396057,1.5465565872192384,0.8432991297543049,0.7635121918469667,0.0561010608030483,0.5798201827704906
23,0.0004940954673335,1.4868130588531494,1.5334145832061767,0.8483169665932655,0.7696111740171909,0.0535825013485737,0.5652005980908871
24,0.0004933835620158,1.4752400040626523,1.5664759731292726,0.8351605017483235,0.752691027149558,0.0582577562052756,0.5826468397676945
25,0.0004926317211408,1.4676413130760193,1.5408424758911132,0.8438358068466186,0.7652253491431474,0.0545109885791316,0.5792881681025028
26,0.0004918400683282,1.457352123260498,1.5323328638076783,0.8491211626678705,0.7708785196393728,0.0549226299859583,0.5858613747358322
27,0.0004910087337436,1.46677512049675,1.507288966178894,0.8572148180007935,0.7832786963135004,0.0502239218330942,0.6060962253808975
28,0.0004901378540772,1.4550262713432311,1.4934766864776612,0.8634363798052073,0.7868760426715017,0.0486171698197722,0.5929040985181928
29,0.0004892275725214,1.4605226528644562,1.5437448120117188,0.8431769478321075,0.767421937212348,0.0544895799970254,0.5904045360162854
30,0.0004882780387471,1.4534254705905914,1.5121417427062989,0.8568573196232319,0.7796148092672229,0.0522087871143594,0.5943326954171062
31,0.0004872894088791,1.4459516596794129,1.5039292287826538,0.8584342448413372,0.7855447323247791,0.05113681754563,0.6048641642509028
32,0.0004862618454706,1.4327864146232605,1.5337970352172852,0.8461128115653992,0.7700097068399191,0.054465412448626,0.601367501616478
33,0.0004851955174763,1.428738592863083,1.495061674118042,0.8637015003710985,0.7890265453234315,0.0510900606377981,0.5922672533604783
34,0.0004840906002246,1.4419345116615296,1.5030785131454467,0.8581468078494072,0.7853290844708681,0.0508895843056961,0.6011069434136153
35,0.0004829472753889,1.4220850598812105,1.497456169128418,0.8615509313344956,0.788890598192811,0.0495884947711601,0.6051229281292763
36,0.0004817657309578,1.423417761325836,1.5009456586837768,0.8594186307489872,0.7870129559934139,0.0509657858870923,0.6096677192300558
37,0.0004805461612039,1.4290194082260133,1.5124249982833862,0.8532127706706524,0.7815571223199368,0.051692285167519,0.6162184476852417
38,0.000479288766652,1.4113475823402404,1.4875266456604004,0.8630293339490891,0.790196742080152,0.0476921084919013,0.604861653111875
39,0.0004779937540464,1.4089955031871797,1.4982172012329102,0.8598471923172474,0.7865319567918777,0.0481672449130564,0.6180559599399567
40,0.0004766613363164,1.4082466685771942,1.491502046585083,0.861596564501524,0.7902732329815626,0.0478375176573172,0.6199196610599756
41,0.0004752917325416,1.4070306730270383,1.4915402412414551,0.8619551455974579,0.7912144210189581,0.0475907729519531,0.6236308726668358
42,0.000473885167916,1.3950466203689575,1.4922897815704346,0.8621821784228086,0.7883703788742423,0.0494833688670769,0.6137374168727547
43,0.0004724418737105,1.4119126605987549,1.4833085012435914,0.8664138827472925,0.7938091819360852,0.0480592180998064,0.6163327166438103
44,0.0004709620872356,1.398516631126404,1.4881887388229371,0.8653166149556637,0.7917152793705463,0.0465965078189037,0.6094270272552967
45,0.0004694460518014,1.390625801086426,1.4907215595245362,0.8627004615962506,0.7893809559941292,0.0479084678646177,0.6201463656127453
46,0.0004678940166787,1.3862858080863951,1.4814806699752807,0.8662749154865742,0.79282092012465,0.0466405865107662,0.6110418231040239
47,0.0004663062370572,1.3873358428478242,1.4700245714187623,0.870253693163395,0.7980870159342885,0.0464810178172774,0.6232034673541784
48,0.0004646829740036,1.3910243368148805,1.4965196990966796,0.8602064903080463,0.7849019433557988,0.0503110435442067,0.6181185761466622
49,0.0004630244944193,1.3860434484481812,1.4849241161346436,0.8648062734305859,0.7923815912008285,0.0472556448052637,0.6241967529058456
50,0.0004613310709959,1.386659667491913,1.479580430984497,0.8663241340965032,0.7934676196426154,0.048746986342594,0.6127078134194016
51,0.0004596029821705,1.373220522403717,1.4681325674057006,0.8701327762007713,0.7979067020118237,0.0461814881837926,0.619298586435616
52,0.00045784051208,1.3759556365013124,1.4834912490844727,0.8648288874328136,0.7947256410866976,0.0484616403188556,0.6221481019444763
53,0.0004560439505144,1.3736063492298127,1.4819259595870973,0.8656877334415912,0.7934314286336303,0.0484356177854351,0.6225451599294319
54,0.0004542135928692,1.3718899595737457,1.4692753648757937,0.871299556940794,0.8015741131454707,0.046080107493326,0.6416202718019486
55,0.0004523497400965,1.37189310669899,1.4686616134643555,0.870440353602171,0.7989112994819879,0.0463740284088999,0.629028460085392
56,0.000450452698656,1.3589742624759673,1.4664533519744871,0.8718997567892075,0.8019730468839407,0.0451601014228072,0.6233749584108591
57,0.0004485227804643,1.3695496940612792,1.4976265907287598,0.8589238794147969,0.7851050405204296,0.0496156792482361,0.629017270207405
58,0.0004465603028435,1.3713427245616914,1.4717987394332883,0.8685233117640019,0.7971062844991684,0.0456612121046055,0.6426349757611751
59,0.0004445655884695,1.3690132117271423,1.4780973768234251,0.8667047502100468,0.7953929647803306,0.0468890714109875,0.6222099034115672
60,0.0004425389653184,1.3567447662353516,1.462467265129089,0.8731865447759628,0.8044809475541115,0.0443998361984267,0.6340959693491459
61,0.000440480766613,1.3546319687366486,1.4793459129333495,0.8663899813592434,0.7955844265967608,0.0460992822656407,0.6359669528901577
62,0.0004383913307679,1.3540449118614195,1.47162823677063,0.8693086275458336,0.799124836474657,0.0458644391933921,0.6374072204530239
63,0.0004362710013334,1.343848205804825,1.4603435230255126,0.8746149298548699,0.8031924569606781,0.0457146634766832,0.6341036465764046
64,0.0004341201269398,1.3539337635040285,1.460166783332825,0.8739843222498894,0.803822239562869,0.0435472256923094,0.6413402876257897
65,0.0004319390612396,1.350699325799942,1.4834899282455445,0.864642179608345,0.7930530735105276,0.0477547502913512,0.6372691810131073
66,0.0004297281628493,1.3376109528541564,1.4698909997940064,0.870360001027584,0.7980019569396972,0.046286007752642,0.638270742893219
67,0.0004274877952908,1.3418882703781128,1.4959805154800414,0.8593736660480499,0.7856316887587309,0.049849008754827,0.6316384267061949
68,0.000425218326931,1.3398073256015777,1.476409420967102,0.8690112820267677,0.7970475529879332,0.0459422863833606,0.6234933713078499
69,0.0004229201309222,1.344248229265213,1.4846757078170776,0.8635480858385562,0.7917122381180525,0.0477318571088835,0.6401652266085148
70,0.0004205935851396,1.3425659656524658,1.4857010650634763,0.8631611762940884,0.7904072234407067,0.0486221921280957,0.639835918545723
71,0.0004182390721201,1.3348539197444915,1.483331093788147,0.8641847407817841,0.7932184904068709,0.0487551096756942,0.6458608427643776
72,0.0004158569789991,1.335286989212036,1.475687928199768,0.8686335420608521,0.7976269073784351,0.0471391608472913,0.6418663060665131
73,0.0004134476974464,1.3348713266849517,1.488202600479126,0.8629741576313973,0.7897476045042277,0.0484881538641639,0.6335373443365097
74,0.0004110116236026,1.3418702960014344,1.4604476881027222,0.8742833321541548,0.8054477295279503,0.0447153518768027,0.6499605865776539
75,0.0004085491580133,1.3367393398284912,1.4774669790267945,0.8668266034126282,0.7954246170818806,0.0462923449464142,0.6359578138589859
76,0.0004060607055637,1.333472511768341,1.4795603132247923,0.866864787042141,0.7936369799077511,0.0475428465264849,0.6402051839232444
77,0.0004035466754117,1.3377151596546173,1.4551922512054445,0.8757822254300117,0.8061457762867212,0.0447829790937248,0.651097300350666
78,0.0004010074809207,1.3331160271167757,1.4646234655380248,0.8716339404881001,0.8017123743891716,0.0448807315994054,0.6442289455235004
79,0.0003984435395919,1.3299020361900329,1.4743174648284911,0.8682482390105725,0.7966906462609767,0.0461628046026453,0.633936169743538
80,0.0003958552729953,1.3259520208835602,1.4713718700408935,0.8691953361034394,0.7976565278321505,0.0461295501748099,0.6372802832722664
81,0.0003932431067004,1.325890531539917,1.4754232597351074,0.867196301072836,0.7950953941047192,0.0485404379980173,0.6471149691939354
82,0.0003906074702066,1.3274227321147918,1.4659688329696656,0.8713331131637096,0.7998704010248184,0.0458817788714077,0.6508401156961918
83,0.0003879487968722,1.324138162136078,1.4614078855514527,0.872663628757,0.8021620198339224,0.0452871366788167,0.6544609664380551
84,0.0003852675238433,1.3251754212379456,1.4679017210006713,0.8698533062636852,0.7981129355728627,0.0458125333185307,0.6457503399252892
85,0.0003825640919819,1.323440283536911,1.4733188676834106,0.8677466171979904,0.7972011987864971,0.0473101727059111,0.6523456770181656
86,0.0003798389457934,1.3207077419757842,1.4669121742248534,0.8713427446782589,0.7980456674098968,0.0464271332207135,0.6244647910818457
87,0.0003770925333536,1.3159731471538545,1.4575959539413452,0.8747812550514936,0.804725568369031,0.0449737721239216,0.6455735743045807
88,0.0003743253062347,1.3139018094539645,1.4568890953063964,0.8751968324929476,0.8015467194840312,0.0439447350776754,0.6245930086448789
89,0.0003715377194317,1.3181442868709563,1.4515098476409911,0.8762162964046002,0.8053067930787802,0.0443353239179123,0.6525450785458088
90,0.000368730231287,1.3144727003574372,1.4659948205947877,0.8721443761885166,0.8002605895698071,0.0463929202081635,0.6362639319896698
91,0.000365903303415,1.314567068815231,1.45714834690094,0.8755441541224718,0.8051859630644321,0.0445340738235972,0.6427499371767044
92,0.0003630574006269,1.3136791360378266,1.4655036926269531,0.8716829501092433,0.7998657219856977,0.0458984489995054,0.640776917040348
93,0.0003601929908534,1.3053241407871246,1.4585908365249634,0.874028293043375,0.8033914572000503,0.0455550337256863,0.6492431607842445
94,0.0003573105450685,1.3115634202957154,1.4466063690185549,0.8797909221798181,0.8100001179054379,0.0429263610334601,0.6468120801448822
95,0.0003544105372113,1.3116404724121091,1.4645050191879272,0.8718578450381755,0.7995546847581864,0.045422219610773,0.6376789562404156
96,0.000351493444109,1.3043465650081634,1.4432147121429444,0.8795273303985596,0.8115578483790159,0.0431905096094124,0.6526793476939201
97,0.0003485597453976,1.3116870379447938,1.452061414718628,0.876886997371912,0.8071530629694462,0.0429809886193834,0.647678723782301
98,0.0003456099234437,1.3028596603870393,1.4603138065338137,0.8735511016100646,0.8006512369215488,0.0455691420007497,0.6239392790198326
99,0.0003426444632647,1.314286206960678,1.4597946739196777,0.8735039049386978,0.8018110699951648,0.0452966933092102,0.6423343333601952
100,0.0003396638524496,1.3009897398948669,1.4669670724868775,0.8710712026059627,0.8006206709891558,0.0456478149234317,0.6494008949398995
101,0.0003366685810781,1.3052356123924256,1.4503375816345214,0.8772450300306082,0.8093024406209588,0.0444540219695773,0.6635252751410008
102,0.0003336591416407,1.298228052854538,1.459504165649414,0.8737484227120876,0.8034745832532644,0.0449021734786219,0.648847698122263
103,0.0003306360289575,1.3015678060054778,1.4705194997787476,0.8695861387252808,0.7986618447303772,0.0455225141043774,0.648903484493494
104,0.0003275997400965,1.3030577719211578,1.456476454734802,0.8758602118492127,0.8061506421864033,0.0436696271994151,0.6454240855574608
105,0.0003245507742925,1.2943045103549955,1.4509129905700684,0.8778043115139007,0.8086673436313867,0.0431833317817654,0.6408634553849697
106,0.0003214896328644,1.2995720028877258,1.4579284763336182,0.8752637451887131,0.8051228848099709,0.0441157993697561,0.6509333193302155
107,0.0003184168191332,1.2965125608444217,1.4621861696243286,0.8727205338329077,0.8025742089003325,0.0459885600511916,0.6512798489630223
108,0.0003153328383391,1.2935729682445527,1.4514410066604615,0.8772156369686127,0.8075685448944568,0.0443538510752841,0.6528030835092068
109,0.0003122381975584,1.2958352541923523,1.464176926612854,0.8724947316944599,0.8024151074886322,0.0471269969339482,0.6504181005060673
110,0.00030913340562,1.2993869960308075,1.4435036420822145,0.8803109058737755,0.8122724153846502,0.0431704999040812,0.6581077818572522
111,0.0003060189730221,1.2944930148124696,1.442947378158569,0.8810898025333881,0.8122212539613247,0.0429635087028145,0.6572767880558967
112,0.0003028954118478,1.2919413828849793,1.4544966840744018,0.875734429359436,0.8070996533334255,0.0450599329394754,0.6574152372777462
113,0.0002997632356815,1.2886250984668732,1.459700632095337,0.8741580827534199,0.8032949874550104,0.0454550163913518,0.6585567891597748
114,0.0002966229595237,1.2861913800239564,1.4600856876373292,0.8737216260284185,0.8039396278560161,0.0466256608371622,0.6489314122498036
115,0.000293475099707,1.2883932828903195,1.455366234779358,0.8757147486507892,0.8055316193401814,0.0448277571762446,0.646653755903244
116,0.0002903201738108,1.2907729530334473,1.4505837774276733,0.8773444205522537,0.8083001663535834,0.0446578661259263,0.6531611406803131
117,0.0002871587005763,1.290146392583847,1.4543610620498657,0.8756283558905125,0.8050890174508095,0.0451355976355262,0.6496538054943085
118,0.0002839911998215,1.2911663568019869,1.4404118824005128,0.880965431779623,0.8127018865942955,0.0429103041626513,0.660176578015089
119,0.000280818192355,1.2913049256801603,1.4471444272994995,0.878253510594368,0.8093494149297475,0.0432581503072287,0.6602032025158405
120,0.0002776401998911,1.2890404438972474,1.4470619773864746,0.8795377767086029,0.8108068351447583,0.0437336955138016,0.656999277472496
121,0.0002744577449639,1.2842231070995331,1.451694459915161,0.8772563567757606,0.8062124349176883,0.0431629550876095,0.6531548650562763
122,0.0002712713508409,1.2830925846099854,1.4460532474517822,0.8792759530246258,0.8101467784494162,0.0433636148413643,0.6607633472979069
123,0.0002680815414375,1.2828168833255769,1.4336184787750244,0.8837450098991394,0.8163921549171209,0.041610405051615,0.6626417160034179
124,0.0002648888412306,1.2843267130851743,1.448245062828064,0.8783702571690083,0.8093142415583133,0.0435966290952637,0.6571640025079251
125,0.0002616937751724,1.2864094328880311,1.435785264968872,0.8827469591796399,0.8147389395534992,0.0420849187904968,0.6621290427446366
126,0.0002584968686041,1.279121893644333,1.4370437097549438,0.8827020980417728,0.8154494255781174,0.042445490922546,0.6648348812758923
127,0.0002552986471695,1.2813116466999055,1.4478473138809205,0.8780941388010979,0.8094375658035279,0.0441272686142474,0.6643287758529186
128,0.0002520996367286,1.2859140253067016,1.4439329051971437,0.879416332244873,0.8108089996874333,0.0436551722045987,0.6636430072784424
129,0.0002489003632713,1.2873779213428498,1.445194969177246,0.8790925802290439,0.8106560523808003,0.0440695411898195,0.6627202716469764
130,0.0002457013528304,1.2811055397987363,1.445666012763977,0.8793279494345189,0.8104166942834854,0.0434496431762818,0.6587045428901911
131,0.0002425031313958,1.2774761760234832,1.4501412057876586,0.8771457262337208,0.8073379251360894,0.0447896273201331,0.6518700401484966
132,0.0002393062248275,1.2766740214824677,1.444067006111145,0.879228827059269,0.8101958873122931,0.0430358718824572,0.6627194893360138
133,0.0002361111587693,1.276367769241333,1.442953472137451,0.8798810534924268,0.8113404384627938,0.0430391058907844,0.6588245223462582
134,0.0002329184585624,1.2776119005680084,1.4496031188964844,0.8767510607838631,0.8079837793111802,0.0442141497158445,0.6555940069258213
135,0.000229728649159,1.2751183784008029,1.4396857738494873,0.8816023533791304,0.8130790255963802,0.042977131641237,0.6569976477324962
136,0.000226542255036,1.2780720365047455,1.4349603843688965,0.8828869570791721,0.8154956188052893,0.0427020015567541,0.6623289693892002
137,0.0002233598001088,1.273505117893219,1.4466415977478029,0.8787236616015435,0.8104822304099798,0.0434254428884014,0.6618232350051403
138,0.0002201818076449,1.274391803741455,1.440151309967041,0.8805503804981708,0.8124409386515618,0.0422610570047982,0.6583730241656304
139,0.0002170088001784,1.274880942106247,1.43925998210907,0.8819810365140438,0.8137255668640136,0.0424267399078235,0.644764184160158
140,0.0002138412994236,1.2721763479709625,1.441872544288635,0.881006375849247,0.8126775345206261,0.0429316454636864,0.6594502103328704
141,0.0002106798261891,1.2750136601924895,1.4289845180511476,0.8856067530810833,0.8187237801402807,0.0414482916472479,0.6511517888400704
142,0.0002075249002929,1.2673556649684905,1.4373025846481324,0.8820778611302376,0.8147547186166048,0.0426823738869279,0.6609471362829208
143,0.0002043770404762,1.2734388720989227,1.444784264564514,0.8799201467633248,0.8126097335666418,0.0430587591452058,0.6631311519443989
144,0.0002012367643184,1.2724962770938872,1.4455477046966552,0.8790630449354648,0.8115643740445375,0.0433854672021698,0.6568069513142109
145,0.0001981045881521,1.2753221011161804,1.4357291316986085,0.8829367224872112,0.8148324263840914,0.0426794900943059,0.6640125931799412
146,0.0001949810269778,1.2734919357299803,1.439627866744995,0.8812984783947467,0.8125818680226803,0.0431719873496331,0.658199330419302
147,0.0001918665943799,1.2684989368915558,1.438557620048523,0.8812324203550815,0.8127643765509128,0.0425818870379589,0.6579943446815014
148,0.0001887618024415,1.2669450318813325,1.4377317094802855,0.8826064370572567,0.8154231065511703,0.0417380418640095,0.664133058488369
149,0.0001856671616608,1.2612626767158508,1.4311701440811158,0.8844395875930786,0.8169365066289902,0.0414430437318515,0.6628426618874073
150,0.0001825831808667,1.2655001533031465,1.431729831695557,0.8840489684045315,0.817197375819087,0.0414119303552433,0.6663124512135983
151,0.0001795103671355,1.2655998277664184,1.4391648912429809,0.8817464666068554,0.8131658992171288,0.0427645315101835,0.6655560220777988
152,0.0001764492257074,1.267621762752533,1.4297615957260132,0.8855247631669044,0.8182569425553083,0.0420222981763072,0.6680559885501861
153,0.0001734002599034,1.2657058084011077,1.432911524772644,0.8853990516066551,0.8174165620654822,0.0428376299294177,0.658640729188919
154,0.0001703639710424,1.2714885663986206,1.4357477521896362,0.88344328135252,0.8147403370589018,0.0430558586562983,0.6619081082940101
155,0.0001673408583592,1.265694261789322,1.4420233488082883,0.8811326271295548,0.8109787350893021,0.0437311640800908,0.6581168301403523
156,0.0001643314189218,1.2615056133270264,1.433930459022522,0.8843291087448597,0.8160952287912369,0.0421576921001542,0.6598156224191188
157,0.0001613361475503,1.2648537003993987,1.443370933532715,0.8795565502345561,0.8104312790930271,0.0433538909116759,0.6603319910168648
158,0.0001583555367352,1.2634535825252533,1.4381569719314575,0.8821709156036377,0.814853541329503,0.0423591119050979,0.6652204070985317
159,0.0001553900765562,1.2666201496124267,1.434407992362976,0.8832044032216072,0.81526815533638,0.0419918885594233,0.6495381451584399
160,0.0001524402546023,1.2661714005470277,1.4487549448013306,0.8776608516275882,0.8090636450052261,0.0438607596175279,0.6497531478665769
161,0.0001495065558909,1.258137105703354,1.445103988647461,0.8790488022565842,0.8110052160173654,0.0431111953046638,0.6601336494088172
162,0.0001465894627886,1.2624125945568083,1.4320293760299685,0.8841439501941204,0.8168781743198633,0.0416381317574996,0.6590697729587555
163,0.0001436894549314,1.2701414513587952,1.4271950912475586,0.8858151383697986,0.818729268014431,0.0415799155994318,0.6655964209139347
164,0.0001408070091465,1.2622826159000398,1.4307644176483154,0.8846808637678624,0.8175855915993452,0.0415593006007839,0.6620603442192078
165,0.000137942599373,1.2628596317768097,1.4340773296356202,0.8832926601171494,0.8159798270463944,0.0417634506046306,0.664795671403408
166,0.0001350966965849,1.262348266839981,1.4475311279296874,0.8782502207159996,0.8090551365911961,0.0435316499706823,0.6589144271612167
167,0.0001322697687129,1.2614007306098938,1.4386133766174316,0.8820027779042721,0.8154040267318488,0.042765210957732,0.6597634361684322
168,0.0001294622805682,1.263917760848999,1.448090567588806,0.8790423989295959,0.8091274174302816,0.0437761859549209,0.6583310237526894
169,0.0001266746937652,1.2575202298164367,1.4323316144943237,0.8842828966677189,0.8179068641364574,0.0412641232577152,0.6596951971948147
170,0.0001239074666463,1.259503116607666,1.435041537284851,0.8834089282155037,0.8163204712420702,0.0415763279865495,0.6666705261170864
171,0.0001211610542065,1.2614872801303862,1.4345137548446656,0.8832374361157417,0.8152208058536052,0.0415882912639062,0.6621785435080528
172,0.000118435908018,1.263338758945465,1.436671018600464,0.8830386687815189,0.8153627379983663,0.0422814994188956,0.670296338647604
173,0.0001157324761566,1.2569637608528137,1.4304281616210937,0.8848669430613518,0.8170787487924099,0.0413199640996754,0.6685217425227166
174,0.0001130512031277,1.2578211832046509,1.433299593925476,0.8834516890347004,0.816285490617156,0.0423497557244263,0.6726118592917919
175,0.0001103925297933,1.2585048413276672,1.4295325469970703,0.8852609677612782,0.818244076743722,0.0411762994271703,0.6674754728376865
176,0.0001077568932995,1.2585748088359834,1.427638087272644,0.8860055060684681,0.8192131739854812,0.0413123341195751,0.6666848903894425
177,0.0001051447270046,1.257958037853241,1.4397580480575565,0.8812689301371575,0.8125497195124626,0.0433351662440691,0.6664755699038506
178,0.000102556460408,1.2572206962108612,1.4305703592300416,0.8845100529491902,0.8174459835886956,0.0418820448417682,0.6716710644960403
179,9.999251907920411e-05,1.257462055683136,1.4399343395233155,0.8806363436579704,0.8129658967256546,0.0433696279220748,0.6668139484524727
180,9.745332458826066e-05,1.258184210062027,1.4331440019607544,0.883750398606062,0.81686124548316,0.0417377006215974,0.6669471266865731
181,9.493929443624608e-05,1.2564509081840516,1.4294369316101074,0.8850571666657925,0.8186127194762229,0.0415695755323395,0.6654370093345642
182,9.245084198664356e-05,1.2614029693603517,1.4397763061523436,0.8807475280761718,0.8127797693014145,0.0431668824597727,0.6664749777317047
183,8.998837639738248e-05,1.2581727039813997,1.4329047441482543,0.8836920218169689,0.8168590472638607,0.0418680311692878,0.6677272604405879
184,8.755230255356459e-05,1.2562084472179411,1.430945291519165,0.8848586897552013,0.8180972746759653,0.0413101523567456,0.6633737051486969
185,8.51430210008904e-05,1.2567986607551576,1.4294876956939695,0.8852657157182694,0.8195224924385548,0.041532266899012,0.6693147057294846
186,8.27609278798015e-05,1.2595340049266814,1.4255808877944949,0.8861263331770897,0.8206227261573076,0.0406508756591938,0.6701555678248405
187,8.040641486034572e-05,1.252117431163788,1.431428656578064,0.8839378291368485,0.8167934032529592,0.0421359241264872,0.6719108979403973
188,7.807986907777732e-05,1.2518464493751529,1.4251587915420532,0.8863829827308655,0.8195158714801073,0.0416573906363919,0.6725645752251148
189,7.578167306890393e-05,1.2562046313285828,1.4241632795333865,0.8865728960931301,0.8204305019229651,0.0408738519228063,0.6692659261822701
190,7.351220470918829e-05,1.2515104281902314,1.4256698179244995,0.8864631889760495,0.8207789776474237,0.0407504294172395,0.6739148603379727
191,7.127183715061703e-05,1.252423484325409,1.429280285835266,0.8848729346692562,0.8174510956555605,0.0420879996754229,0.673311539888382
192,6.906093876034639e-05,1.2565620803833009,1.4234152269363405,0.8873507358133793,0.8202834831178188,0.0410969878127798,0.6697255328297615
193,6.687987306013362e-05,1.255025737285614,1.4324771690368652,0.8835451152920722,0.8170274084061384,0.0420260451128706,0.6707743886113167
194,6.472899866656677e-05,1.2592542266845703,1.4280932140350342,0.8852574717998505,0.8190830362588167,0.0415801583218853,0.6698012289404869
195,6.260866923209913e-05,1.2527189946174622,1.4248014831542968,0.8867032031714916,0.8199139933288098,0.0418811071757227,0.6747478924691677
196,6.0519233386901006e-05,1.252307240962982,1.4207887220382691,0.8885734671354294,0.8222943709045648,0.0406700884457677,0.6667522829771042
197,5.846103468153723e-05,1.256728938817978,1.420596947669983,0.8886716422438622,0.8228376135230064,0.0410706774028949,0.6724512341618538
198,5.64344115304796e-05,1.2547104609012605,1.42376220703125,0.8868542811274529,0.8211894180625677,0.0412343544000759,0.6726166374981404
199,5.443969715646358e-05,1.2554461181163787,1.4298959159851077,0.8845508988201618,0.8186454105377198,0.0417795429180841,0.6736141382157803
200,5.24772195356994e-05,1.2521418952941894,1.4302728939056395,0.8843054457008839,0.8182306768745184,0.0421828084194567,0.6708695460855961
201,5.054730134394489e-05,1.2512672138214112,1.4320173168182373,0.8839680078625679,0.8179370456933975,0.0423624015715904,0.6702353817224502
202,4.865025990345068e-05,1.2555504167079925,1.4254975318908691,0.8861148938536644,0.819880366846919,0.0414997833268716,0.6725066173076629
203,4.678640713078502e-05,1.254582769870758,1.432349410057068,0.8837934875488281,0.8170888827741146,0.0424786520667839,0.6715833765268325
204,4.495604948554748e-05,1.2496030747890472,1.432254762649536,0.8835653668642044,0.8170174444466829,0.0423267741908785,0.6715049266815185
205,4.315948791998055e-05,1.2504580175876618,1.4270856094360351,0.8861889579892158,0.8193207989633083,0.0420358584448695,0.6711722771823406
206,4.139701782948581e-05,1.2507093119621278,1.428669309616089,0.885473912358284,0.8183742218464612,0.0417524850869085,0.6683673220872879
207,3.966892900405425e-05,1.2511514115333555,1.4303471374511718,0.8847739183902741,0.8175835704058408,0.0421482349478174,0.6720785222947597
208,3.797550558061861e-05,1.2507690012454986,1.426001663208008,0.8861916017532349,0.819742693528533,0.0412143710860982,0.6702464926242828
209,3.631702599633444e-05,1.2510956311225891,1.428079924583435,0.8856983797252178,0.8192681451886892,0.0415090669831261,0.6682837894558906
210,3.4693762942799e-05,1.252323828935623,1.4267598485946655,0.88630645185709,0.8204146467149258,0.0413425297930371,0.6709398277103901
211,3.310598332121443e-05,1.251270340681076,1.4242908763885498,0.8873186564445495,0.8209499795734883,0.041191424956778,0.669522419422865
212,3.1553948198503094e-05,1.2499607062339784,1.4243918991088866,0.8870576433837414,0.8211865711957216,0.0412416448700241,0.6697322480380535
213,3.00379127643826e-05,1.2519981718063355,1.4268924379348755,0.8856134174764156,0.8189435862749815,0.0419901265599764,0.6727772395312787
214,2.855812628940628e-05,1.2528904283046722,1.4253468656539916,0.8866266760230065,0.8201345495879651,0.0415420905419159,0.6715029385685921
215,2.7114832083978086e-05,1.2513823890686036,1.4248222637176513,0.8867571434378624,0.8209244802594184,0.0409954811644274,0.6699384433031083
216,2.570826745834647e-05,1.2501997649669647,1.4278958225250244,0.8856950724124908,0.818933460637927,0.0415367852558847,0.6668827675282956
217,2.4338663683585096e-05,1.2514852058887482,1.4291816759109497,0.8850571194291115,0.8180648644268512,0.0417519759514834,0.6712347906827927
218,2.3006245953567052e-05,1.2520518982410431,1.4311833190917969,0.8841220165789128,0.8172385107725859,0.0418543027155101,0.6724200588464737
219,2.1711233347937567e-05,1.2485464251041412,1.4305534076690674,0.8843107967078686,0.8177392596751452,0.0418538297305349,0.670602084249258
220,2.0453838796092424e-05,1.247109267711639,1.4292530059814452,0.8846717834472656,0.8183640120178461,0.0415991117467638,0.6698552486300469
221,1.9234269042167613e-05,1.2466967952251435,1.4295307540893554,0.8845948225259781,0.8182456790655851,0.0417563226353377,0.6702757814526558
222,1.805272461104577e-05,1.246625418663025,1.4269622802734374,0.8857354743778706,0.8192026156932115,0.041585610457696,0.6720004715025425
223,1.6909399775385576e-05,1.250890325307846,1.4252249097824097,0.8865783379971981,0.8201366547495127,0.0414335268409922,0.6693711607158184
224,1.5804482523678755e-05,1.24815802693367,1.4322656869888306,0.8839062432944774,0.8167135468870401,0.042383679045597,0.6705008812248707
225,1.473815452934041e-05,1.248397217988968,1.4304589748382568,0.8847163383662701,0.8174194817990065,0.0422419201140292,0.6707774075865746
226,1.3710591120838151e-05,1.2480379486083983,1.4251587247848512,0.8864862824976444,0.8201971603184939,0.0414089766575489,0.670445400327444
227,1.2721961252863852e-05,1.2507549834251404,1.4270932722091674,0.8857728534936905,0.8198820360004901,0.0413686056109145,0.6697546854615212
228,1.177242747855365e-05,1.2465850114822388,1.4294924688339234,0.884770103096962,0.8180610063672066,0.0419928661733865,0.6717747189104557
229,1.086214592276072e-05,1.245054887533188,1.4279538869857789,0.8854420779645443,0.8191497959941626,0.041536274323007,0.6704867768287659
230,9.99126625638462e-06,1.249516829252243,1.4307956838607787,0.8842870062589645,0.8175277408957481,0.042108853419777,0.670548046529293
231,9.159931671762156e-06,1.2542235553264618,1.431479697227478,0.8840826357901096,0.8176881310343742,0.0422436816187109,0.6701997750997544
232,8.368278859123298e-06,1.2484257161617278,1.4291271829605103,0.8850184291601181,0.8188471338152885,0.0417654258455149,0.6690028597414494
233,7.616437984116093e-06,1.2516003906726838,1.4281551027297974,0.885314763635397,0.8193980440497398,0.0415508509927894,0.6692742086946964
234,6.904532666404579e-06,1.2511068892478945,1.4290083360671997,0.8850448882579803,0.819056088924408,0.0417810487386304,0.6695914137363433
235,6.23267995934293e-06,1.2507036340236664,1.4292495155334473,0.884889270067215,0.8190211167931557,0.0416852532653138,0.668205131739378
236,5.600990330729174e-06,1.2502448403835296,1.4285794401168823,0.8850748825073242,0.8190969811379909,0.0416879298794083,0.6698685595393181
237,5.0095676446419e-06,1.253151761293411,1.428212742805481,0.885274897813797,0.8192989789694548,0.0417197732732165,0.6707171633839607
238,4.458509144362444e-06,1.251003452539444,1.4317646741867065,0.884270201921463,0.817250697016716,0.0421847467229235,0.6676284651458263
239,3.947905436386058e-06,1.2506381607055663,1.428304877281189,0.8852921184897423,0.8187554950267076,0.041808395005064,0.6708309246599674
240,3.4778404755241477e-06,1.2496291863918303,1.4301648473739623,0.8846857604384423,0.8178358629345894,0.0420179886417463,0.6694840179383754
241,3.0483915511001107e-06,1.246599361896515,1.4307834577560423,0.8845929780602455,0.8176813693344593,0.0421888533642049,0.6691124793887139
242,2.6596292742412947e-06,1.24643319606781,1.4278011512756348,0.8856547875702381,0.8190943291783332,0.041754276381107,0.6694374319911003
