epoch,train_loss,val_loss,val_dice,val_iou
1.0,3.1867,2.8566,0.3914,0.2561
2.0,2.7126,2.3141,0.5958,0.4492
3.0,2.2943,2.1038,0.666,0.5253
4.0,2.097,2.0632,0.6657,0.538
5.0,1.9544,1.9452,0.703,0.5797
6.0,1.8329,1.8483,0.7295,0.6139
7.0,1.7654,1.7877,0.7527,0.6384
8.0,1.6973,1.7169,0.7804,0.6709
9.0,1.6698,1.7034,0.7849,0.6781
10.0,1.6579,1.673,0.7964,0.697
11.0,1.624,1.6778,0.7907,0.6962
12.0,1.6054,1.6542,0.8021,0.7044
13.0,1.6017,1.618,0.8175,0.7269
14.0,1.5741,1.5978,0.8257,0.7347
15.0,1.5788,1.5785,0.8319,0.7412
16.0,1.5446,1.5627,0.8389,0.7517
17.0,1.5341,1.5616,0.8394,0.7552
18.0,1.5321,1.5721,0.835,0.7494
19.0,1.5261,1.5825,0.8283,0.7442
20.0,1.5133,1.5579,0.8386,0.7601
21.0,1.4973,1.5418,0.8459,0.7662
22.0,1.4928,1.5466,0.8433,0.7635
23.0,1.4868,1.5334,0.8483,0.7696
24.0,1.4752,1.5665,0.8352,0.7527
25.0,1.4676,1.5408,0.8438,0.7652
26.0,1.4574,1.5323,0.8491,0.7709
27.0,1.4668,1.5073,0.8572,0.7833
28.0,1.455,1.4935,0.8634,0.7869
29.0,1.4605,1.5437,0.8432,0.7674
30.0,1.4534,1.5121,0.8569,0.7796
31.0,1.446,1.5039,0.8584,0.7855
32.0,1.4328,1.5338,0.8461,0.77
33.0,1.4287,1.4951,0.8637,0.789
34.0,1.4419,1.5031,0.8581,0.7853
35.0,1.4221,1.4975,0.8616,0.7889
36.0,1.4234,1.5009,0.8594,0.787
37.0,1.429,1.5124,0.8532,0.7816
38.0,1.4113,1.4875,0.863,0.7902
39.0,1.409,1.4982,0.8598,0.7865
40.0,1.4082,1.4915,0.8616,0.7903
41.0,1.407,1.4915,0.862,0.7912
42.0,1.395,1.4923,0.8622,0.7884
43.0,1.4119,1.4833,0.8664,0.7938
44.0,1.3985,1.4882,0.8653,0.7917
45.0,1.3906,1.4907,0.8627,0.7894
46.0,1.3863,1.4815,0.8663,0.7928
47.0,1.3873,1.47,0.8703,0.7981
48.0,1.391,1.4965,0.8602,0.7849
49.0,1.386,1.4849,0.8648,0.7924
50.0,1.3867,1.4796,0.8663,0.7935
51.0,1.3732,1.4681,0.8701,0.7979
52.0,1.376,1.4835,0.8648,0.7947
53.0,1.3736,1.4819,0.8657,0.7934
54.0,1.3719,1.4693,0.8713,0.8016
55.0,1.3719,1.4687,0.8704,0.7989
56.0,1.359,1.4665,0.8719,0.802
57.0,1.3695,1.4976,0.8589,0.7851
58.0,1.3713,1.4718,0.8685,0.7971
59.0,1.369,1.4781,0.8667,0.7954
60.0,1.3567,1.4625,0.8732,0.8045
61.0,1.3546,1.4793,0.8664,0.7956
62.0,1.354,1.4716,0.8693,0.7991
63.0,1.3438,1.4603,0.8746,0.8032
64.0,1.3539,1.4602,0.874,0.8038
65.0,1.3507,1.4835,0.8646,0.7931
66.0,1.3376,1.4699,0.8704,0.798
67.0,1.3419,1.496,0.8594,0.7856
68.0,1.3398,1.4764,0.869,0.797
69.0,1.3442,1.4847,0.8635,0.7917
70.0,1.3426,1.4857,0.8632,0.7904
71.0,1.3349,1.4833,0.8642,0.7932
72.0,1.3353,1.4757,0.8686,0.7976
73.0,1.3349,1.4882,0.863,0.7897
74.0,1.3419,1.4604,0.8743,0.8054
75.0,1.3367,1.4775,0.8668,0.7954
76.0,1.3335,1.4796,0.8669,0.7936
77.0,1.3377,1.4552,0.8758,0.8061
78.0,1.3331,1.4646,0.8716,0.8017
79.0,1.3299,1.4743,0.8682,0.7967
80.0,1.326,1.4714,0.8692,0.7977
81.0,1.3259,1.4754,0.8672,0.7951
82.0,1.3274,1.466,0.8713,0.7999
83.0,1.3241,1.4614,0.8727,0.8022
84.0,1.3252,1.4679,0.8699,0.7981
85.0,1.3234,1.4733,0.8677,0.7972
86.0,1.3207,1.4669,0.8713,0.798
87.0,1.316,1.4576,0.8748,0.8047
88.0,1.3139,1.4569,0.8752,0.8015
89.0,1.3181,1.4515,0.8762,0.8053
90.0,1.3145,1.466,0.8721,0.8003
91.0,1.3146,1.4571,0.8755,0.8052
92.0,1.3137,1.4655,0.8717,0.7999
93.0,1.3053,1.4586,0.874,0.8034
94.0,1.3116,1.4466,0.8798,0.81
95.0,1.3116,1.4645,0.8719,0.7996
96.0,1.3043,1.4432,0.8795,0.8116
97.0,1.3117,1.4521,0.8769,0.8072
98.0,1.3029,1.4603,0.8736,0.8007
99.0,1.3143,1.4598,0.8735,0.8018
100.0,1.301,1.467,0.8711,0.8006
101.0,1.3052,1.4503,0.8772,0.8093
102.0,1.2982,1.4595,0.8737,0.8035
103.0,1.3016,1.4705,0.8696,0.7987
104.0,1.3031,1.4565,0.8759,0.8062
105.0,1.2943,1.4509,0.8778,0.8087
106.0,1.2996,1.4579,0.8753,0.8051
107.0,1.2965,1.4622,0.8727,0.8026
108.0,1.2936,1.4514,0.8772,0.8076
109.0,1.2958,1.4642,0.8725,0.8024
110.0,1.2994,1.4435,0.8803,0.8123
111.0,1.2945,1.4429,0.8811,0.8122
112.0,1.2919,1.4545,0.8757,0.8071
113.0,1.2886,1.4597,0.8742,0.8033
114.0,1.2862,1.4601,0.8737,0.8039
115.0,1.2884,1.4554,0.8757,0.8055
116.0,1.2908,1.4506,0.8773,0.8083
117.0,1.2901,1.4544,0.8756,0.8051
118.0,1.2912,1.4404,0.881,0.8127
119.0,1.2913,1.4471,0.8783,0.8093
120.0,1.289,1.4471,0.8795,0.8108
121.0,1.2842,1.4517,0.8773,0.8062
122.0,1.2831,1.4461,0.8793,0.8101
123.0,1.2828,1.4336,0.8837,0.8164
124.0,1.2843,1.4482,0.8784,0.8093
125.0,1.2864,1.4358,0.8827,0.8147
126.0,1.2791,1.437,0.8827,0.8154
127.0,1.2813,1.4478,0.8781,0.8094
128.0,1.2859,1.4439,0.8794,0.8108
129.0,1.2874,1.4452,0.8791,0.8107
130.0,1.2811,1.4457,0.8793,0.8104
131.0,1.2775,1.4501,0.8771,0.8073
132.0,1.2767,1.4441,0.8792,0.8102
133.0,1.2764,1.443,0.8799,0.8113
134.0,1.2776,1.4496,0.8768,0.808
135.0,1.2751,1.4397,0.8816,0.8131
136.0,1.2781,1.435,0.8829,0.8155
137.0,1.2735,1.4466,0.8787,0.8105
138.0,1.2744,1.4402,0.8806,0.8124
139.0,1.2749,1.4393,0.882,0.8137
140.0,1.2722,1.4419,0.881,0.8127
141.0,1.275,1.429,0.8856,0.8187
142.0,1.2674,1.4373,0.8821,0.8148
143.0,1.2734,1.4448,0.8799,0.8126
144.0,1.2725,1.4455,0.8791,0.8116
145.0,1.2753,1.4357,0.8829,0.8148
146.0,1.2735,1.4396,0.8813,0.8126
147.0,1.2685,1.4386,0.8812,0.8128
148.0,1.2669,1.4377,0.8826,0.8154
149.0,1.2613,1.4312,0.8844,0.8169
150.0,1.2655,1.4317,0.884,0.8172
151.0,1.2656,1.4392,0.8817,0.8132
152.0,1.2676,1.4298,0.8855,0.8183
153.0,1.2657,1.4329,0.8854,0.8174
154.0,1.2715,1.4357,0.8834,0.8147
155.0,1.2657,1.442,0.8811,0.811
156.0,1.2615,1.4339,0.8843,0.8161
157.0,1.2649,1.4434,0.8796,0.8104
158.0,1.2635,1.4382,0.8822,0.8149
159.0,1.2666,1.4344,0.8832,0.8153
160.0,1.2662,1.4488,0.8777,0.8091
161.0,1.2581,1.4451,0.879,0.811
162.0,1.2624,1.432,0.8841,0.8169
163.0,1.2701,1.4272,0.8858,0.8187
164.0,1.2623,1.4308,0.8847,0.8176
165.0,1.2629,1.4341,0.8833,0.816
166.0,1.2623,1.4475,0.8783,0.8091
167.0,1.2614,1.4386,0.882,0.8154
168.0,1.2639,1.4481,0.879,0.8091
169.0,1.2575,1.4323,0.8843,0.8179
170.0,1.2595,1.435,0.8834,0.8163
171.0,1.2615,1.4345,0.8832,0.8152
172.0,1.2633,1.4367,0.883,0.8154
173.0,1.257,1.4304,0.8849,0.8171
174.0,1.2578,1.4333,0.8835,0.8163
175.0,1.2585,1.4295,0.8853,0.8182
176.0,1.2586,1.4276,0.886,0.8192
177.0,1.258,1.4398,0.8813,0.8125
178.0,1.2572,1.4306,0.8845,0.8174
179.0,1.2575,1.4399,0.8806,0.813
180.0,1.2582,1.4331,0.8838,0.8169
181.0,1.2565,1.4294,0.8851,0.8186
182.0,1.2614,1.4398,0.8807,0.8128
183.0,1.2582,1.4329,0.8837,0.8169
184.0,1.2562,1.4309,0.8849,0.8181
185.0,1.2568,1.4295,0.8853,0.8195
186.0,1.2595,1.4256,0.8861,0.8206
187.0,1.2521,1.4314,0.8839,0.8168
188.0,1.2518,1.4252,0.8864,0.8195
189.0,1.2562,1.4242,0.8866,0.8204
190.0,1.2515,1.4257,0.8865,0.8208
191.0,1.2524,1.4293,0.8849,0.8175
192.0,1.2566,1.4234,0.8874,0.8203
193.0,1.255,1.4325,0.8835,0.817
194.0,1.2593,1.4281,0.8853,0.8191
195.0,1.2527,1.4248,0.8867,0.8199
196.0,1.2523,1.4208,0.8886,0.8223
197.0,1.2567,1.4206,0.8887,0.8228
198.0,1.2547,1.4238,0.8869,0.8212
199.0,1.2554,1.4299,0.8846,0.8186
200.0,1.2521,1.4303,0.8843,0.8182
201.0,1.2513,1.432,0.884,0.8179
202.0,1.2556,1.4255,0.8861,0.8199
203.0,1.2546,1.4323,0.8838,0.8171
204.0,1.2496,1.4323,0.8836,0.817
205.0,1.2505,1.4271,0.8862,0.8193
206.0,1.2507,1.4287,0.8855,0.8184
207.0,1.2512,1.4303,0.8848,0.8176
208.0,1.2508,1.426,0.8862,0.8197
209.0,1.2511,1.4281,0.8857,0.8193
210.0,1.2523,1.4268,0.8863,0.8204
211.0,1.2513,1.4243,0.8873,0.8209
212.0,1.25,1.4244,0.8871,0.8212
213.0,1.252,1.4269,0.8856,0.8189
214.0,1.2529,1.4253,0.8866,0.8201
215.0,1.2514,1.4248,0.8868,0.8209
216.0,1.2502,1.4279,0.8857,0.8189
217.0,1.2515,1.4292,0.8851,0.8181
218.0,1.2521,1.4312,0.8841,0.8172
219.0,1.2485,1.4306,0.8843,0.8177
220.0,1.2471,1.4293,0.8847,0.8184
221.0,1.2467,1.4295,0.8846,0.8182
222.0,1.2466,1.427,0.8857,0.8192
223.0,1.2509,1.4252,0.8866,0.8201
224.0,1.2482,1.4323,0.8839,0.8167
225.0,1.2484,1.4305,0.8847,0.8174
226.0,1.248,1.4252,0.8865,0.8202
227.0,1.2508,1.4271,0.8858,0.8199
228.0,1.2466,1.4295,0.8848,0.8181
229.0,1.2451,1.428,0.8854,0.8191
230.0,1.2495,1.4308,0.8843,0.8175
231.0,1.2542,1.4315,0.8841,0.8177
232.0,1.2484,1.4291,0.885,0.8188
233.0,1.2516,1.4282,0.8853,0.8194
234.0,1.2511,1.429,0.885,0.8191
235.0,1.2507,1.4292,0.8849,0.819
236.0,1.2502,1.4286,0.8851,0.8191
237.0,1.2532,1.4282,0.8853,0.8193
238.0,1.251,1.4318,0.8843,0.8173
239.0,1.2506,1.4283,0.8853,0.8188
240.0,1.2496,1.4302,0.8847,0.8178
241.0,1.2466,1.4308,0.8846,0.8177
242.0,1.2464,1.4278,0.8857,0.8191
